{"cameraMode":{"drawMode":0,"name":"Shaded","section":"Shading Mode"},"sceneLighting":false,"audioPlay":false,"sceneViewState":{"m_AlwaysRefresh":false,"showFog":true,"showSkybox":false,"showFlares":true,"showImageEffects":true,"showParticleSystems":true,"showVisualEffectGraphs":true,"m_FxEnabled":true},"in2DMode":false,"pivot":{"x":0.13125884532928468,"y":2.0480005741119386,"z":2.4255194664001467},"rotation":{"x":-0.019747942686080934,"y":0.978131115436554,"z":-0.17527282238006593,"w":-0.11020827293395996},"size":1.4150971174240113,"orthographic":false}